producto_id,clase,revenue_opt,margin_opt,n_days,margin_contribution_pct
0309020005,03CARN     ,1380425.54,832207.01,736,60.29
0309020020,03CARN     ,670710.98,347318.57,736,51.78
0308010001,03CARN     ,801964.74,334478.54,736,41.71
0308050006,03CARN     ,591989.63,277861.73,736,46.94
0308020003,03CARN     ,563348.39,251375.67,736,44.62
0802050003,08FRUV     ,509768.34,243705.07,736,47.81
0509060001,05CHAR     ,585830.53,243671.66,736,41.59
0301020003,03CARN     ,292360.5,189277.49,734,64.74
0309020017,03CARN     ,255063.71,164245.32,736,64.39
0301040001,03CARN     ,321966.83,161682.15,734,50.22
0308050008,03CARN     ,277147.38,137042.06,736,49.45
0509060004,05CHAR     ,324200.17,136829.83,732,42.21
0806010011,08FRUV     ,349693.77,133925.72,736,38.3
0802020012,08FRUV     ,329435.1,127602.84,736,38.73
0309020011,03CARN     ,189712.16,116719.27,731,61.52
0509130025,05CHAR     ,228283.79,105674.99,730,46.29
0308020001,03CARN     ,193361.12,93948.46,726,48.59
0509060008,05CHAR     ,242740.9,86880.46,735,35.79
0509100021,05CHAR     ,194712.08,85311.64,735,43.81
0806010006,08FRUV     ,190379.48,85210.07,736,44.76
0309020004,03CARN     ,155030.22,81825.26,734,52.78
0803010032,08FRUV     ,189668.58,73931.19,736,38.98
0309020002,03CARN     ,104159.12,60532.96,559,58.12
0504030034,05CHAR     ,152047.72,59649.83,726,39.23
0802050001,08FRUV     ,166450.4,59615.7,736,35.82
0802020008,08FRUV     ,130203.38,57274.65,736,43.99
0309020003,03CARN     ,104816.09,55624.15,725,53.07
0308030001,03CARN     ,109122.22,53741.57,720,49.25
0802010012,08FRUV     ,130592.61,51648.39,736,39.55
0802010024,08FRUV     ,102558.42,50242.85,736,48.99
0309020007,03CARN     ,210765.58,50029.61,732,23.74
0509150023,05CHAR     ,109715.15,49999.96,722,45.57
0301020004,03CARN     ,70624.43,49551.54,538,70.16
0309030003,03CARN     ,57980.09,47535.27,502,81.99
0504040033,05CHAR     ,111632.05,43332.75,736,38.82
0509070007,05CHAR     ,95674.38,42115.33,624,44.02
0308020004,03CARN     ,115495.06,41861.66,704,36.25
0309020010,03CARN     ,54776.85,39407.78,491,71.94
0805010061,08FRUV     ,84780.22,38759.36,709,45.72
0301020010,03CARN     ,55179.84,38245.44,311,69.31
0509130028,05CHAR     ,75379.72,34681.26,719,46.01
0509100025,05CHAR     ,72662.49,32099.58,731,44.18
0806010013,08FRUV     ,67596.68,32032.44,736,47.39
0509110001,05CHAR     ,54907.46,31494.97,734,57.36
0308030003,03CARN     ,61130.45,29022.84,708,47.48
0301040003,03CARN     ,63005.49,28791.94,699,45.7
0506010001,05CHAR     ,43640.46,26918.92,538,61.68
0502080091,05CHAR     ,71107.28,26367.5,733,37.08
0802040020,08FRUV     ,44817.01,25326.6,731,56.51
0501040013,05CHAR     ,65066.53,25121.28,615,38.61
0802040006,08FRUV     ,41014.24,24758.18,731,60.36
0504030005,05CHAR     ,63636.44,24726.61,735,38.86
0309020015,03CARN     ,34915.86,24556.74,435,70.33
0509150008,05CHAR     ,53033.4,23776.23,724,44.83
0301040002,03CARN     ,50463.33,23563.38,560,46.69
0802040023,08FRUV     ,41546.92,22346.07,713,53.79
0504040022,05CHAR     ,54740.07,22316.24,735,40.77
0803010012,08FRUV     ,42604.59,22090.99,736,51.85
0309020008,03CARN     ,61085.84,21326.74,725,34.91
0309040003,03CARN     ,42652.83,21277.31,327,49.88
0504040012,05CHAR     ,52639.19,21190.31,735,40.26
0509130023,05CHAR     ,48633.4,21030.26,732,43.24
0301020002,03CARN     ,35900.86,21001.32,210,58.5
0308040003,03CARN     ,59874.82,20880.52,733,34.87
0504040030,05CHAR     ,51509.1,20666.19,719,40.12
0504030042,05CHAR     ,54993.51,20120.8,736,36.59
0802030005,08FRUV     ,48415.38,20010.01,736,41.33
0803010051,08FRUV     ,48600.19,19971.05,736,41.09
0509090014,05CHAR     ,51899.79,19291.51,514,37.17
0802030006,08FRUV     ,46621.21,19161.11,736,41.1
0309040007,03CARN     ,23492.38,18737.25,181,79.76
0301020005,03CARN     ,31283.46,18219.84,393,58.24
0802030007,08FRUV     ,43561.86,18218.27,735,41.82
0309040010,03CARN     ,28232.67,18096.83,562,64.1
0802030009,08FRUV     ,38956.35,18046.48,684,46.32
0308030002,03CARN     ,43881.31,17863.14,642,40.71
0308050013,03CARN     ,50720.44,17852.54,726,35.2
0802020001,08FRUV     ,35364.75,17497.0,736,49.48
0509100036,05CHAR     ,50979.61,17141.65,450,33.62
0501040006,05CHAR     ,38475.09,16879.23,701,43.87
0802010025,08FRUV     ,40508.32,16842.34,735,41.58
0309020009,03CARN     ,36799.66,16587.54,680,45.08
0805010006,08FRUV     ,36396.43,16312.69,606,44.82
0803010027,08FRUV     ,27802.77,16008.48,736,57.58
0802030010,08FRUV     ,33763.84,15956.62,619,47.26
0309020019,03CARN     ,23456.88,15580.88,288,66.42
0308010003,03CARN     ,34272.63,15386.56,607,44.89
0806010010,08FRUV     ,37481.53,15253.38,736,40.7
0309030006,03CARN     ,32781.59,15068.91,664,45.97
0503020038,05CHAR     ,34790.65,15042.36,707,43.24
0805010116,08FRUV     ,29307.55,15020.51,736,51.25
0504040026,05CHAR     ,41331.19,14989.91,698,36.27
0806010001,08FRUV     ,33975.13,14963.95,736,44.04
0803010009,08FRUV     ,28549.57,14174.91,736,49.65
0504030022,05CHAR     ,35113.49,14150.31,734,40.3
0301050001,03CARN     ,34641.6,13873.69,646,40.05
0802010022,08FRUV     ,31424.15,13834.65,736,44.03
0503020051,05CHAR     ,29738.55,13794.37,336,46.39
0802020005,08FRUV     ,33520.49,13674.55,736,40.79
0509130036,05CHAR     ,39029.96,13600.95,509,34.85
0502040028,05CHAR     ,33011.0,13526.55,656,40.98
0802010010,08FRUV     ,34433.33,12680.74,736,36.83
0805020011,08FRUV     ,23126.59,12007.06,733,51.92
0509160028,05CHAR     ,28184.72,11908.41,548,42.25
0802020007,08FRUV     ,29524.5,11863.05,736,40.18
0509070003,05CHAR     ,26360.34,11850.36,640,44.96
0503020046,05CHAR     ,23190.67,11705.0,608,50.47
0802010020,08FRUV     ,53317.96,11689.84,736,21.92
0309020013,03CARN     ,20138.89,11689.62,471,58.05
0308040005,03CARN     ,29455.0,10606.34,343,36.01
0302010044,03CARN     ,26344.02,10476.02,668,39.77
0802050002,08FRUV     ,24635.03,10198.76,676,41.4
0308040007,03CARN     ,33748.75,10073.64,458,29.85
0803010007,08FRUV     ,18622.38,9838.08,532,52.83
0803010022,08FRUV     ,13830.03,9781.82,641,70.73
0301040005,03CARN     ,24873.93,9481.25,728,38.12
0509150029,05CHAR     ,30456.59,9347.96,618,30.69
0502040033,05CHAR     ,22743.97,9250.68,703,40.67
0509160008,05CHAR     ,17307.47,9139.35,642,52.81
0509160007,05CHAR     ,17300.65,9034.02,653,52.22
0805020001,08FRUV     ,15299.11,8999.17,736,58.82
0504030027,05CHAR     ,22490.76,8986.94,709,39.96
0802010006,08FRUV     ,24681.74,8658.67,733,35.08
0803010028,08FRUV     ,28339.66,8572.28,736,30.25
0801010003,08FRUV     ,11271.37,8568.8,684,76.02
0301070005,03CARN     ,14516.62,8451.3,249,58.22
0806010009,08FRUV     ,22407.43,8394.95,736,37.47
0502040026,05CHAR     ,21353.47,8278.99,706,38.77
0509160003,05CHAR     ,15617.48,8269.58,656,52.95
0802040010,08FRUV     ,12815.57,8267.46,682,64.51
0806010005,08FRUV     ,30862.94,8264.04,731,26.78
0309030001,03CARN     ,16981.1,8212.01,578,48.36
0502040051,05CHAR     ,20291.27,8087.72,601,39.86
0504050003,05CHAR     ,19832.99,8050.86,733,40.59
0308050017,03CARN     ,14351.37,8036.54,595,56.0
0301030002,03CARN     ,22169.19,7884.32,672,35.56
0302010045,03CARN     ,19901.01,7839.48,671,39.39
0801010015,08FRUV     ,14585.24,7801.8,526,53.49
0805020018,08FRUV     ,19961.27,7781.76,691,38.98
0502080046,05CHAR     ,19017.47,7731.24,736,40.65
0507020016,05CHAR     ,16547.7,7622.75,525,46.07
0504040015,05CHAR     ,18726.75,7622.09,703,40.7
0509140014,05CHAR     ,15242.61,7571.18,590,49.67
0509060007,05CHAR     ,16472.7,7531.01,686,45.72
0801010007,08FRUV     ,8378.87,7373.55,478,88.0
0309020018,03CARN     ,10907.78,7328.35,218,67.18
0805020006,08FRUV     ,17028.81,7251.75,393,42.59
0802040004,08FRUV     ,13755.91,7234.17,578,52.59
0509130013,05CHAR     ,16513.88,7172.28,717,43.43
0806010007,08FRUV     ,20084.17,7146.4,736,35.58
0309030004,03CARN     ,9369.83,7133.65,355,76.13
0509180019,05CHAR     ,14714.51,7084.33,687,48.15
0803010010,08FRUV     ,16728.34,7074.21,736,42.29
0509100019,05CHAR     ,15102.59,7052.54,663,46.7
0309030005,03CARN     ,16713.31,6814.01,672,40.77
0509100020,05CHAR     ,14601.0,6800.61,347,46.58
0504040014,05CHAR     ,16127.62,6791.13,727,42.11
0309030007,03CARN     ,9024.82,6784.57,370,75.18
0309040011,03CARN     ,8402.82,6769.92,262,80.57
0509090003,05CHAR     ,15367.58,6725.74,537,43.77
0503020052,05CHAR     ,18126.66,6723.33,109,37.09
0802040026,08FRUV     ,10818.94,6707.39,421,62.0
0301010003,03CARN     ,15133.26,6580.5,244,43.48
0501040017,05CHAR     ,14804.57,6542.07,281,44.19
0504020022,05CHAR     ,17223.07,6442.52,530,37.41
0309030002,03CARN     ,9483.27,6343.27,313,66.89
0805020008,08FRUV     ,10362.18,6230.76,712,60.13
0504020027,05CHAR     ,16158.16,6204.62,709,38.4
0502090003,05CHAR     ,14174.45,6117.42,683,43.16
0509150015,05CHAR     ,14009.81,6059.52,702,43.25
0805010066,08FRUV     ,22015.67,6034.47,219,27.41
0509110003,05CHAR     ,10661.47,5931.74,450,55.64
0802040029,08FRUV     ,10409.2,5927.08,544,56.94
0504040011,05CHAR     ,16856.47,5840.66,720,34.65
0805010088,08FRUV     ,15429.31,5813.85,678,37.68
0805020026,08FRUV     ,11331.26,5726.66,618,50.54
0302010028,03CARN     ,13007.24,5701.96,627,43.84
0308050004,03CARN     ,8624.34,5693.19,478,66.01
0802010027,08FRUV     ,34296.55,5681.29,736,16.57
0802040002,08FRUV     ,9593.67,5614.48,514,58.52
0805020022,08FRUV     ,8996.02,5612.34,661,62.39
0509160006,05CHAR     ,11745.83,5587.49,559,47.57
0504030035,05CHAR     ,16186.38,5581.03,458,34.48
0509030069,05CHAR     ,11881.67,5520.11,614,46.46
0802040022,08FRUV     ,9684.16,5513.92,550,56.94
0502070001,05CHAR     ,12109.84,5505.17,607,45.46
0801010004,08FRUV     ,7641.56,5472.89,650,71.62
0507020023,05CHAR     ,12815.69,5419.21,504,42.29
0802040007,08FRUV     ,7385.09,5394.5,510,73.05
0507020008,05CHAR     ,12229.48,5389.0,539,44.07
0805010132,08FRUV     ,10759.28,5336.94,619,49.6
0503020041,05CHAR     ,13025.67,5287.81,435,40.6
0803010020,08FRUV     ,8137.99,5286.01,638,64.95
0805020016,08FRUV     ,10344.83,5206.16,616,50.33
0305010001,03CARN     ,13981.47,5197.97,501,37.18
0509100030,05CHAR     ,9200.3,5194.68,402,56.46
0502040048,05CHAR     ,15043.75,5180.37,618,34.44
0802010009,08FRUV     ,10944.59,5158.49,669,47.13
0801010036,08FRUV     ,6523.02,5062.15,638,77.6
0309040004,03CARN     ,7337.09,5007.66,409,68.25
0509120011,05CHAR     ,12637.74,4964.39,248,39.28
0502040005,05CHAR     ,11562.82,4963.43,618,42.93
0802030003,08FRUV     ,11690.0,4923.11,629,42.11
0802030008,08FRUV     ,12370.95,4922.88,721,39.79
0509070006,05CHAR     ,10044.52,4913.81,568,48.92
0806010008,08FRUV     ,15230.67,4897.52,736,32.16
0509150009,05CHAR     ,11473.45,4838.63,613,42.17
0802020004,08FRUV     ,13427.26,4819.89,736,35.9
0801010030,08FRUV     ,8398.36,4799.34,505,57.15
0502040047,05CHAR     ,15216.35,4791.76,648,31.49
0802040024,08FRUV     ,8291.5,4696.01,461,56.64
0509130007,05CHAR     ,10887.9,4677.15,622,42.96
0801010027,08FRUV     ,8848.93,4666.65,599,52.74
0805010256,08FRUV     ,8706.89,4615.26,185,53.01
0805010087,08FRUV     ,9267.28,4559.3,630,49.2
0801010008,08FRUV     ,7693.69,4544.98,526,59.07
0805010086,08FRUV     ,9260.17,4528.82,690,48.91
0805010123,08FRUV     ,10200.64,4499.28,635,44.11
0801010009,08FRUV     ,7864.09,4441.69,495,56.48
0801010034,08FRUV     ,7025.35,4351.85,627,61.94
0801010040,08FRUV     ,6803.35,4331.85,281,63.67
0509060012,05CHAR     ,11502.11,4331.66,546,37.66
0805010095,08FRUV     ,8315.05,4314.55,398,51.89
0803010002,08FRUV     ,13459.64,4236.16,736,31.47
0802010005,08FRUV     ,7766.41,4230.69,695,54.47
0502040046,05CHAR     ,10907.29,4222.14,511,38.71
0302010020,03CARN     ,8894.15,4193.69,637,47.15
0801010018,08FRUV     ,6559.7,4180.5,650,63.73
0802040021,08FRUV     ,7365.45,4163.23,552,56.52
0308050005,03CARN     ,6048.78,4153.64,352,68.67
0502060007,05CHAR     ,9890.23,4149.08,713,41.95
0509150012,05CHAR     ,9487.75,4103.9,534,43.25
0502080057,05CHAR     ,10281.6,4103.15,568,39.91
0805010055,08FRUV     ,8407.41,4100.23,534,48.77
0502030006,05CHAR     ,7869.78,4062.04,448,51.62
0801010002,08FRUV     ,6501.22,4050.49,696,62.3
0310010007,03CARN     ,8607.73,4015.94,536,46.66
0805010180,08FRUV     ,8806.69,4015.14,650,45.59
0509110005,05CHAR     ,9060.89,3973.46,326,43.85
0801010016,08FRUV     ,5633.31,3963.89,689,70.37
0801010001,08FRUV     ,6577.26,3941.63,687,59.93
0502040045,05CHAR     ,10098.29,3932.32,612,38.94
0801010025,08FRUV     ,9195.02,3920.59,734,42.64
0802010015,08FRUV     ,51195.63,3916.52,732,7.65
0504030021,05CHAR     ,10341.54,3751.69,693,36.28
0802030011,08FRUV     ,8612.14,3678.73,546,42.72
0801010035,08FRUV     ,4374.96,3661.11,438,83.68
0502080097,05CHAR     ,8994.44,3656.93,536,40.66
0802020009,08FRUV     ,7995.25,3624.85,607,45.34
0502040025,05CHAR     ,9123.76,3593.0,622,39.38
0802010026,08FRUV     ,88936.06,3560.12,736,4.0
0509030070,05CHAR     ,8320.63,3544.11,674,42.59
0802010002,08FRUV     ,133777.11,3512.75,736,2.63
0803010016,08FRUV     ,5950.85,3460.8,703,58.16
0505030014,05CHAR     ,8165.29,3447.95,508,42.23
0801010037,08FRUV     ,5713.23,3437.94,651,60.18
0801010022,08FRUV     ,6721.51,3387.84,533,50.4
0505030036,05CHAR     ,8828.19,3355.05,465,38.0
0502030005,05CHAR     ,5781.74,3343.91,296,57.84
0801010012,08FRUV     ,5210.75,3342.55,488,64.15
0509120007,05CHAR     ,6264.84,3316.91,252,52.94
0301020009,03CARN     ,9729.92,3260.76,450,33.51
0502080058,05CHAR     ,9782.95,3257.64,425,33.3
0509110006,05CHAR     ,7166.93,3246.9,374,45.3
0501040015,05CHAR     ,7275.25,3234.02,468,44.45
0805010198,08FRUV     ,7615.3,3231.21,484,42.43
0806010004,08FRUV     ,20895.95,3226.18,736,15.44
0502030004,05CHAR     ,5633.0,3161.9,287,56.13
0802040042,08FRUV     ,5255.52,3158.1,300,60.09
0505030034,05CHAR     ,8513.39,3151.9,461,37.02
0802040017,08FRUV     ,4927.79,3145.72,640,63.84
0805020032,08FRUV     ,5284.57,3140.11,444,59.42
0802040019,08FRUV     ,4674.32,3130.73,621,66.98
0509130009,05CHAR     ,6942.99,3119.06,483,44.92
0805010106,08FRUV     ,6953.3,3108.3,618,44.7
0801010019,08FRUV     ,4855.91,3107.56,676,64.0
0504020026,05CHAR     ,7499.92,3066.42,686,40.89
0504030043,05CHAR     ,7740.26,3061.93,631,39.56
0509100013,05CHAR     ,7198.56,3047.36,487,42.33
0802040031,08FRUV     ,6260.58,3042.03,552,48.59
0301030003,03CARN     ,7162.07,3004.67,387,41.95
0802040043,08FRUV     ,5080.89,2984.74,341,58.74
0801010020,08FRUV     ,4690.61,2928.99,586,62.44
0502080096,05CHAR     ,6579.19,2909.67,534,44.23
0802040025,08FRUV     ,4356.47,2909.16,476,66.78
0802030001,08FRUV     ,5798.19,2907.44,408,50.14
0502060006,05CHAR     ,5967.69,2899.84,589,48.59
0801010010,08FRUV     ,4580.03,2894.66,606,63.2
0505030013,05CHAR     ,6447.6,2892.19,486,44.86
0802040036,08FRUV     ,4447.6,2890.71,240,64.99
0802040027,08FRUV     ,4850.98,2840.23,522,58.55
0509030071,05CHAR     ,9139.49,2815.12,458,30.8
0805020042,08FRUV     ,5314.62,2778.32,313,52.28
0509030067,05CHAR     ,5996.67,2752.78,477,45.91
0805010160,08FRUV     ,5874.06,2738.4,481,46.62
0805010270,08FRUV     ,7345.54,2722.26,629,37.06
0803010011,08FRUV     ,6331.21,2703.1,705,42.69
0802030004,08FRUV     ,5924.18,2700.25,589,45.58
0502080086,05CHAR     ,6233.73,2698.46,606,43.29
0802010019,08FRUV     ,22738.76,2690.69,731,11.83
0805010273,08FRUV     ,6855.43,2680.6,649,39.1
0802040001,08FRUV     ,4889.37,2559.63,249,52.35
0802040035,08FRUV     ,3999.29,2549.55,193,63.75
0803010013,08FRUV     ,6368.16,2539.37,518,39.88
0805020007,08FRUV     ,8452.52,2531.97,718,29.96
0504030014,05CHAR     ,5291.19,2526.8,580,47.75
0805020002,08FRUV     ,4285.21,2480.15,396,57.88
0801010006,08FRUV     ,4201.68,2479.35,388,59.01
0504040037,05CHAR     ,6823.57,2476.95,237,36.3
0501030001,05CHAR     ,5678.09,2456.01,538,43.25
0802010039,08FRUV     ,5536.89,2444.11,454,44.14
0502010336,05CHAR     ,5989.46,2412.17,522,40.27
0801010011,08FRUV     ,3772.22,2404.35,670,63.74
0805010009,08FRUV     ,6095.88,2404.21,344,39.44
0501020003,05CHAR     ,4833.59,2387.0,509,49.38
0502040057,05CHAR     ,6039.82,2385.7,645,39.5
0801010024,08FRUV     ,3685.76,2372.44,343,64.37
0504050008,05CHAR     ,4378.92,2364.72,576,54.0
0505030038,05CHAR     ,5473.28,2356.32,393,43.05
0802030013,08FRUV     ,5345.47,2347.5,329,43.92
0509100035,05CHAR     ,6012.14,2344.33,140,38.99
0504030048,05CHAR     ,6466.45,2335.6,241,36.12
0805010279,08FRUV     ,5814.29,2332.11,546,40.11
0507020022,05CHAR     ,5105.66,2312.37,422,45.29
0801010005,08FRUV     ,3688.42,2302.29,664,62.42
0502010335,05CHAR     ,7579.19,2294.72,687,30.28
0505010030,05CHAR     ,5716.49,2245.46,579,39.28
0503040003,05CHAR     ,4865.8,2240.24,462,46.04
0507020019,05CHAR     ,5261.64,2234.93,377,42.48
0502040049,05CHAR     ,5286.35,2198.25,574,41.58
0504040035,05CHAR     ,6111.41,2158.33,177,35.32
0802040013,08FRUV     ,2758.05,2116.22,414,76.73
0507020013,05CHAR     ,4287.58,2107.46,252,49.15
0502040013,05CHAR     ,5401.88,2094.83,228,38.78
0802010003,08FRUV     ,4247.52,2094.76,639,49.32
0509130029,05CHAR     ,6818.13,2083.64,142,30.56
0802040012,08FRUV     ,3143.6,2052.76,487,65.3
0503020002,05CHAR     ,4504.68,2052.71,552,45.57
0503040001,05CHAR     ,3941.76,2046.58,333,51.92
0504040018,05CHAR     ,3616.31,2045.24,365,56.56
0805010120,08FRUV     ,4789.08,2039.45,613,42.59
0502080085,05CHAR     ,5310.63,2034.24,400,38.31
0805010280,08FRUV     ,4790.09,2033.74,582,42.46
0509160026,05CHAR     ,4726.83,2016.45,482,42.66
0805020041,08FRUV     ,3681.13,1992.56,316,54.13
0805010079,08FRUV     ,4282.07,1981.43,451,46.27
0805010010,08FRUV     ,5157.81,1944.93,463,37.71
0802040030,08FRUV     ,2985.82,1911.56,371,64.02
0805010017,08FRUV     ,4128.74,1902.92,326,46.09
0805010291,08FRUV     ,4697.7,1900.73,491,40.46
0306010006,03CARN     ,4258.31,1894.43,445,44.49
0501030002,05CHAR     ,4269.77,1882.55,446,44.09
0502080098,05CHAR     ,4561.9,1870.49,414,41.0
0504020025,05CHAR     ,3581.07,1869.04,523,52.19
0805020040,08FRUV     ,3655.98,1849.8,312,50.6
0504030041,05CHAR     ,3909.61,1823.62,343,46.64
0503030001,05CHAR     ,4036.36,1803.16,158,44.67
0803010029,08FRUV     ,3811.89,1801.47,705,47.26
0504040031,05CHAR     ,3776.94,1799.41,419,47.64
0306010009,03CARN     ,4091.61,1799.04,425,43.97
0507010002,05CHAR     ,4947.84,1786.41,293,36.1
0806010012,08FRUV     ,4317.0,1784.08,579,41.33
0506020001,05CHAR     ,19614.61,1755.13,515,8.95
0306010007,03CARN     ,3879.41,1736.58,433,44.76
0308050018,03CARN     ,2863.56,1733.27,59,60.53
0502040056,05CHAR     ,4845.92,1726.1,248,35.62
0507020017,05CHAR     ,3549.79,1719.75,244,48.45
0801010031,08FRUV     ,2789.61,1714.53,541,61.46
0802040016,08FRUV     ,3183.55,1690.79,348,53.11
0502080082,05CHAR     ,3687.74,1663.15,460,45.1
0310010006,03CARN     ,4002.69,1640.97,407,41.0
0503020003,05CHAR     ,4077.44,1637.77,411,40.17
0502010010,05CHAR     ,3591.55,1637.54,553,45.59
0308050010,03CARN     ,2744.81,1637.42,347,59.66
0301020006,03CARN     ,2567.74,1623.77,20,63.24
0502080105,05CHAR     ,4572.09,1622.44,337,35.49
0805010015,08FRUV     ,4255.6,1618.29,396,38.03
0509040017,05CHAR     ,4083.02,1612.58,310,39.49
0801010032,08FRUV     ,2636.84,1611.89,476,61.13
0805020017,08FRUV     ,3064.9,1609.14,466,52.5
0803010024,08FRUV     ,3094.37,1598.95,673,51.67
0801010021,08FRUV     ,2723.57,1587.18,531,58.28
0805010007,08FRUV     ,2966.42,1583.82,233,53.39
0805010062,08FRUV     ,3472.9,1579.53,479,45.48
0801010017,08FRUV     ,2485.03,1550.61,208,62.4
0507020006,05CHAR     ,3876.64,1536.14,213,39.63
0802040038,08FRUV     ,2992.26,1505.48,396,50.31
0805010290,08FRUV     ,3055.99,1504.87,445,49.24
0805010026,08FRUV     ,3641.91,1482.8,500,40.71
0805010169,08FRUV     ,3133.91,1477.03,341,47.13
0805010025,08FRUV     ,3774.34,1470.96,474,38.97
0805020034,08FRUV     ,3657.86,1462.72,251,39.99
0805010281,08FRUV     ,3346.88,1441.01,544,43.06
0805010272,08FRUV     ,3662.37,1432.86,467,39.12
0805010275,08FRUV     ,3333.0,1427.1,511,42.82
0505030018,05CHAR     ,2964.77,1424.83,291,48.06
0802040028,08FRUV     ,2554.02,1421.26,275,55.65
0401070006,05CHAR     ,3507.09,1411.82,437,40.26
0805010022,08FRUV     ,3860.62,1410.24,444,36.53
0803010031,08FRUV     ,3112.06,1406.28,569,45.19
0309040006,03CARN     ,1869.48,1357.4,212,72.61
0801010023,08FRUV     ,2287.33,1345.63,259,58.83
0502080081,05CHAR     ,3127.76,1340.93,407,42.87
0805010071,08FRUV     ,3595.96,1337.97,389,37.21
0505010020,05CHAR     ,3012.72,1335.25,359,44.32
0805010258,08FRUV     ,3403.94,1294.94,293,38.04
0502080104,05CHAR     ,3659.44,1287.18,324,35.17
0302010046,03CARN     ,2841.7,1284.66,369,45.21
0802040014,08FRUV     ,1917.66,1276.12,314,66.55
0302010043,03CARN     ,2793.1,1256.27,369,44.98
0805010265,08FRUV     ,3385.29,1255.82,261,37.1
0505010019,05CHAR     ,2967.5,1249.42,308,42.1
0805010276,08FRUV     ,3121.33,1238.97,466,39.69
0805010134,08FRUV     ,3376.92,1236.63,552,36.62
0805010104,08FRUV     ,2806.55,1230.98,526,43.86
0504030046,05CHAR     ,2493.21,1217.88,206,48.85
0301020012,03CARN     ,6304.68,1214.11,238,19.26
0502080101,05CHAR     ,2731.53,1213.19,265,44.41
0805010065,08FRUV     ,3672.65,1213.06,351,33.03
0801010041,08FRUV     ,2558.28,1210.68,464,47.32
0505030037,05CHAR     ,2802.74,1204.45,349,42.97
0802010018,08FRUV     ,2722.5,1200.15,462,44.08
0805010190,08FRUV     ,3032.63,1199.19,524,39.54
0805010266,08FRUV     ,3137.72,1192.18,464,38.0
0310020017,03CARN     ,2856.9,1190.94,365,41.69
0805010109,08FRUV     ,3102.19,1184.36,306,38.18
0805020027,08FRUV     ,2663.47,1173.3,443,44.05
0501040014,05CHAR     ,2841.04,1171.34,254,41.23
0803010023,08FRUV     ,2564.16,1170.14,681,45.63
0509160029,05CHAR     ,2783.08,1164.23,218,41.83
0306010013,03CARN     ,2696.98,1159.46,336,42.99
0310020015,03CARN     ,2907.61,1153.47,401,39.67
0301060010,03CARN     ,2500.46,1137.48,147,45.49
0506030025,05CHAR     ,2875.25,1131.89,490,39.37
0301060015,03CARN     ,2338.2,1129.2,178,48.29
0805010253,08FRUV     ,2647.76,1115.39,293,42.13
0805010125,08FRUV     ,2951.54,1110.25,554,37.62
0302010042,03CARN     ,2366.37,1092.19,329,46.15
0803010003,08FRUV     ,2780.31,1087.49,708,39.11
0805010029,08FRUV     ,2883.74,1071.79,198,37.17
0505010018,05CHAR     ,2556.1,1071.36,420,41.91
0306010005,03CARN     ,2222.75,1058.42,313,47.62
0502040024,05CHAR     ,2376.9,1056.71,326,44.46
0802040005,08FRUV     ,1486.63,1045.53,272,70.33
0805010036,08FRUV     ,2595.07,1044.29,289,40.24
0310020018,03CARN     ,2081.03,1033.31,250,49.65
0507010003,05CHAR     ,2765.36,1023.94,268,37.03
0502040034,05CHAR     ,2338.59,1023.57,348,43.77
0806010003,08FRUV     ,2267.71,1017.95,549,44.89
0803010017,08FRUV     ,2232.37,1017.23,707,45.57
0802040041,08FRUV     ,1641.14,1013.77,313,61.77
0805010052,08FRUV     ,2777.33,1007.05,347,36.26
0805010051,08FRUV     ,2784.1,1004.08,338,36.06
0805010238,08FRUV     ,2667.78,998.51,239,37.43
0503020049,05CHAR     ,4424.69,982.35,123,22.2
0504030045,05CHAR     ,2839.38,971.55,176,34.22
0505030043,05CHAR     ,2024.29,956.4,171,47.25
0805010271,08FRUV     ,2513.47,951.02,493,37.84
0805020043,08FRUV     ,1256.52,949.17,300,75.54
0310020016,03CARN     ,2521.36,947.98,369,37.6
0805010165,08FRUV     ,1967.95,944.89,405,48.01
0805010018,08FRUV     ,2569.61,939.2,380,36.55
0803010001,08FRUV     ,1824.46,922.05,509,50.54
0805010274,08FRUV     ,2554.79,920.84,501,36.04
0301060003,03CARN     ,1924.08,917.57,119,47.69
0805020020,08FRUV     ,1386.32,911.01,104,65.71
0805010249,08FRUV     ,2367.83,910.89,220,38.47
0504030049,05CHAR     ,2305.75,902.86,226,39.16
0805010163,08FRUV     ,1906.56,901.1,400,47.26
0802020002,08FRUV     ,1431.8,886.28,590,61.9
0506030023,05CHAR     ,1981.37,879.99,391,44.41
0502080094,03CARN     ,1795.02,876.35,299,48.82
0805010161,08FRUV     ,1816.36,871.92,371,48.0
0507020020,05CHAR     ,1956.35,854.06,244,43.66
0805020003,08FRUV     ,1572.34,849.1,246,54.0
0302010038,03CARN     ,1715.29,848.23,222,49.45
0805010252,08FRUV     ,2010.49,846.92,294,42.13
0301060012,03CARN     ,1920.58,839.71,111,43.72
0509130032,05CHAR     ,1996.32,833.94,247,41.77
0802010042,08FRUV     ,2059.78,830.45,193,40.32
0504040036,05CHAR     ,2000.14,818.1,205,40.9
0802010017,08FRUV     ,32986.44,812.31,341,2.46
0805020014,08FRUV     ,1608.4,802.38,232,49.89
0507020026,05CHAR     ,2530.27,794.64,251,31.41
0505010031,05CHAR     ,1812.68,785.1,342,43.31
0302010030,03CARN     ,1736.45,779.64,222,44.9
0802040037,08FRUV     ,1284.33,775.45,254,60.38
0509010014,05CHAR     ,1767.21,770.71,225,43.61
0502080031,05CHAR     ,1814.96,753.45,283,41.51
0507020027,05CHAR     ,1476.77,744.44,121,50.41
0503020045,05CHAR     ,1992.26,734.62,89,36.87
0507020002,05CHAR     ,1693.92,733.93,112,43.33
0302010032,03CARN     ,1644.28,728.99,200,44.33
0302010029,03CARN     ,1620.22,725.89,210,44.8
0301020001,03CARN     ,920.42,707.42,11,76.86
0507020018,05CHAR     ,1372.23,704.14,129,51.31
0805020010,08FRUV     ,1439.59,690.54,140,47.97
0302010031,03CARN     ,1469.82,685.21,245,46.62
0504020024,05CHAR     ,1846.86,682.66,140,36.96
0507010007,05CHAR     ,1853.64,676.27,178,36.48
0509010013,05CHAR     ,1726.77,676.13,234,39.16
0802040044,08FRUV     ,1394.84,675.73,71,48.44
0805010287,08FRUV     ,1763.76,674.52,373,38.24
0805010257,08FRUV     ,1829.47,668.91,177,36.56
0509160009,05CHAR     ,1582.77,650.98,136,41.13
0502080075,05CHAR     ,1626.01,646.06,155,39.73
0805010254,08FRUV     ,1646.14,643.91,240,39.12
0803010015,08FRUV     ,1551.74,634.04,186,40.86
0805010286,08FRUV     ,1663.97,628.5,312,37.77
0802040040,08FRUV     ,999.34,626.6,224,62.7
0509160030,05CHAR     ,1482.54,623.25,160,42.04
0302010050,03CARN     ,1552.06,621.54,95,40.05
0504020028,05CHAR     ,1644.66,618.54,149,37.61
0506030022,05CHAR     ,1335.66,615.49,300,46.08
0503020047,05CHAR     ,1426.23,613.96,88,43.05
0805010288,08FRUV     ,1528.3,612.13,349,40.05
0805020013,08FRUV     ,1698.15,611.75,116,36.02
0503020011,05CHAR     ,1419.49,609.21,80,42.92
0502080072,05CHAR     ,1504.01,607.45,138,40.39
0302010051,03CARN     ,1509.99,603.09,112,39.94
0805010162,08FRUV     ,1252.6,602.09,280,48.07
0509030068,05CHAR     ,1408.76,597.09,138,42.38
0509040018,05CHAR     ,1502.46,591.2,146,39.35
0805010049,08FRUV     ,1523.76,576.31,237,37.82
0301060020,03CARN     ,1115.92,569.88,50,51.07
0505030045,05CHAR     ,1177.83,551.95,289,46.86
0505030005,05CHAR     ,1227.79,547.1,178,44.56
0502080087,05CHAR     ,1446.41,539.08,387,37.27
0805010277,08FRUV     ,1406.05,535.45,426,38.08
0309020022,03CARN     ,742.35,534.73,43,72.03
0803010063,08FRUV     ,1274.13,529.9,77,41.59
0505030040,05CHAR     ,1146.83,529.54,160,46.17
0805010024,08FRUV     ,1301.71,517.88,217,39.78
0806010002,08FRUV     ,49190.66,515.74,735,1.05
0801010042,08FRUV     ,1149.37,514.93,581,44.8
0502080102,05CHAR     ,1296.89,514.72,291,39.69
0805010053,08FRUV     ,1323.61,514.22,200,38.85
0805010069,08FRUV     ,1143.27,512.07,98,44.79
0309020021,03CARN     ,707.72,511.64,56,72.29
0805010128,08FRUV     ,1221.56,504.0,456,41.26
0805010284,08FRUV     ,1382.61,503.01,256,36.38
0309020006,03CARN     ,680.11,493.88,54,72.62
0302010041,03CARN     ,1081.14,489.27,167,45.26
0805010278,08FRUV     ,1180.24,475.31,299,40.27
0805020033,08FRUV     ,832.44,470.58,184,56.53
0805010167,08FRUV     ,905.59,470.17,287,51.92
0302010055,03CARN     ,1180.42,458.4,103,38.83
0302010037,03CARN     ,839.39,453.34,118,54.01
0502080071,05CHAR     ,1097.53,451.4,114,41.13
0302010049,03CARN     ,1067.33,436.46,63,40.89
0505030041,05CHAR     ,937.11,436.23,117,46.55
0505030042,05CHAR     ,846.27,427.42,118,50.51
0301060002,03CARN     ,756.95,415.43,30,54.88
0502080073,05CHAR     ,971.61,406.64,111,41.85
0802040046,08FRUV     ,850.03,404.77,56,47.62
0505010029,05CHAR     ,860.32,404.49,152,47.02
0310010003,03CARN     ,944.54,394.66,72,41.78
0301060019,03CARN     ,760.02,386.92,31,50.91
0805010129,08FRUV     ,737.2,383.63,203,52.04
0803010062,08FRUV     ,658.33,381.4,75,57.93
0802020003,08FRUV     ,786.35,366.52,400,46.61
0308050021,03CARN     ,574.49,365.51,92,63.62
0805010127,08FRUV     ,938.17,357.77,200,38.13
0505010015,05CHAR     ,840.92,352.31,144,41.9
0309040001,03CARN     ,610.17,350.76,104,57.49
0802040047,08FRUV     ,774.16,350.68,51,45.3
0302010053,03CARN     ,908.66,350.26,68,38.55
0805010268,08FRUV     ,922.65,347.14,311,37.62
0505030044,05CHAR     ,689.42,342.6,195,49.69
0509110004,05CHAR     ,1082.87,340.71,116,31.46
0504030047,05CHAR     ,711.18,337.94,52,47.52
0805010267,08FRUV     ,895.7,336.77,308,37.6
0309040008,03CARN     ,493.78,331.83,30,67.2
0509120012,05CHAR     ,632.95,331.59,80,52.39
0805010019,08FRUV     ,1060.66,327.96,261,30.92
0502080095,03CARN     ,645.18,324.79,135,50.34
0802010008,08FRUV     ,777.09,318.28,228,40.96
0509100009,05CHAR     ,647.43,314.07,80,48.51
0509130035,05CHAR     ,694.68,312.37,79,44.97
0803010025,08FRUV     ,693.69,310.07,311,44.7
0503050027,05CHAR     ,646.57,308.67,50,47.74
0504020029,05CHAR     ,799.63,306.55,67,38.34
0805020023,08FRUV     ,400.93,300.32,163,74.91
0504040038,05CHAR     ,758.25,298.66,53,39.39
0805010269,08FRUV     ,766.11,293.92,272,38.37
0506030026,05CHAR     ,584.42,288.47,146,49.36
0805010122,08FRUV     ,691.34,286.93,204,41.5
0503030066,05CHAR     ,617.94,286.79,18,46.41
0507010006,05CHAR     ,743.06,275.22,85,37.04
0805010248,08FRUV     ,692.32,274.01,129,39.58
0302010026,03CARN     ,624.23,270.58,103,43.35
0805010166,08FRUV     ,538.68,266.21,204,49.42
0805010168,08FRUV     ,527.85,263.61,211,49.94
0302010048,03CARN     ,639.1,255.93,68,40.05
0302010054,03CARN     ,658.89,255.18,58,38.73
0802010023,08FRUV     ,519.24,254.02,99,48.92
0802010013,08FRUV     ,746.73,243.01,166,32.54
0805010197,08FRUV     ,553.4,240.27,208,43.42
0302010024,03CARN     ,547.12,231.02,67,42.22
0805010182,08FRUV     ,526.6,229.21,78,43.53
0507010011,05CHAR     ,604.43,225.76,68,37.35
0802020011,08FRUV     ,399.11,223.65,85,56.04
0507010005,05CHAR     ,554.16,219.45,63,39.6
0805010245,08FRUV     ,455.5,213.39,94,46.85
0505010004,05CHAR     ,1535.19,212.41,264,13.84
0505030047,05CHAR     ,480.49,205.87,59,42.85
0302010023,03CARN     ,477.38,198.83,59,41.65
0504050009,05CHAR     ,482.36,197.52,47,40.95
0502080107,05CHAR     ,490.18,195.43,46,39.87
0805010164,08FRUV     ,474.3,191.02,95,40.27
0805010072,08FRUV     ,1022.02,190.7,177,18.66
0805010011,08FRUV     ,826.08,189.52,119,22.94
0805010124,08FRUV     ,448.31,189.24,132,42.21
0308050002,03CARN     ,291.77,185.04,46,63.42
0503020013,05CHAR     ,445.32,184.37,15,41.4
0803010055,08FRUV     ,387.85,182.42,187,47.03
0502080074,05CHAR     ,434.52,180.4,44,41.52
0805010189,08FRUV     ,427.46,180.03,158,42.12
0509180028,05CHAR     ,285.42,175.7,38,61.56
0805010199,08FRUV     ,346.41,172.07,163,49.67
0805020004,08FRUV     ,204.56,171.13,6,83.66
0509040009,05CHAR     ,362.42,168.39,46,46.46
0504030033,05CHAR     ,327.6,164.4,46,50.18
0802010033,08FRUV     ,427.16,162.69,166,38.09
0306010012,03CARN     ,358.2,159.38,63,44.49
0502080076,05CHAR     ,361.63,159.12,42,44.0
0805010196,08FRUV     ,356.23,152.7,128,42.87
0803010056,08FRUV     ,404.32,151.6,216,37.5
0505010033,05CHAR     ,261.56,143.41,59,54.83
0502080039,05CHAR     ,349.41,142.8,40,40.87
0502080043,05CHAR     ,298.99,140.88,36,47.12
0502080035,05CHAR     ,319.5,138.73,38,43.42
0301060016,03CARN     ,238.69,138.64,14,58.08
0310020004,03CARN     ,277.71,137.03,29,49.34
0805010131,08FRUV     ,267.02,133.7,35,50.07
0502080042,05CHAR     ,338.72,132.1,38,39.0
0502080041,05CHAR     ,301.1,131.17,36,43.56
0505030011,05CHAR     ,223.99,129.89,31,57.99
0803010008,08FRUV     ,231.87,129.48,61,55.84
0803010018,08FRUV     ,280.99,122.73,178,43.68
0509020002,05CHAR     ,218.31,116.64,36,53.43
0802040039,08FRUV     ,223.43,115.59,27,51.73
0805010063,08FRUV     ,219.96,114.51,66,52.06
0805010038,08FRUV     ,357.97,109.78,34,30.67
0805010013,08FRUV     ,551.63,109.51,132,19.85
0301060008,03CARN     ,133.34,108.99,7,81.74
0504030032,05CHAR     ,218.17,107.56,37,49.3
0805010113,08FRUV     ,277.01,102.77,80,37.1
0309040002,03CARN     ,123.67,100.48,14,81.25
0802010031,08FRUV     ,240.14,99.11,69,41.27
0302010025,03CARN     ,235.48,93.69,31,39.79
0803010005,08FRUV     ,197.46,92.98,47,47.09
0308050003,03CARN     ,140.35,92.05,21,65.59
0802010028,08FRUV     ,238.71,90.85,17,38.06
0803010026,08FRUV     ,126.78,82.93,72,65.41
0805010194,08FRUV     ,211.06,80.69,100,38.23
0805010195,08FRUV     ,195.2,75.69,95,38.78
0301020008,03CARN     ,1884.34,75.44,231,4.0
0508010001,05CHAR     ,54542.89,74.95,736,0.14
0802050004,08FRUV     ,211.55,73.73,44,34.85
0509100038,05CHAR     ,184.46,69.76,17,37.82
0509040010,05CHAR     ,159.07,67.51,22,42.44
0306010016,03CARN     ,151.34,66.61,32,44.01
0803010033,08FRUV     ,73.54,65.9,3,89.61
0509040015,05CHAR     ,148.24,63.22,20,42.65
0805010193,08FRUV     ,155.4,59.54,67,38.31
0805010188,08FRUV     ,141.5,58.76,44,41.53
0805010283,08FRUV     ,147.37,58.76,25,39.87
0805010282,08FRUV     ,129.21,57.65,22,44.62
0309040012,03CARN     ,73.36,56.35,3,76.81
0509140009,05CHAR     ,100.02,56.01,6,56.0
0508010002,05CHAR     ,35118.93,55.43,735,0.16
0509040013,05CHAR     ,119.01,53.57,16,45.01
0505030046,05CHAR     ,82.89,52.8,13,63.7
0308040006,03CARN     ,99.62,51.81,2,52.01
0310020005,03CARN     ,56.13,48.24,8,85.94
0802010036,08FRUV     ,77.52,46.73,24,60.28
0306010014,03CARN     ,122.73,45.16,20,36.8
0309030008,03CARN     ,4478.63,43.77,207,0.98
0803010034,08FRUV     ,55.91,43.64,14,78.05
0803010004,08FRUV     ,91.06,43.15,35,47.39
0503020053,05CHAR     ,94.14,42.47,2,45.11
0802010030,08FRUV     ,23242.75,40.61,734,0.17
0509040011,05CHAR     ,92.84,40.3,13,43.41
0509040012,05CHAR     ,79.03,36.19,11,45.79
0805010247,08FRUV     ,85.5,35.83,30,41.91
0805010181,08FRUV     ,72.65,32.82,19,45.18
0302010027,03CARN     ,46.2,32.25,6,69.81
0509040016,05CHAR     ,63.61,30.36,9,47.73
0805010187,08FRUV     ,68.53,30.08,27,43.89
0802040045,08FRUV     ,49.03,29.8,12,60.78
0803010021,08FRUV     ,53.67,29.66,44,55.26
0805010192,08FRUV     ,63.03,25.06,12,39.76
0509100008,05CHAR     ,60.35,24.3,5,40.27
0503020022,05CHAR     ,115.3,23.33,4,20.23
0509150027,05CHAR     ,41.55,20.85,6,50.18
0505020004,05CHAR     ,49.01,20.8,7,42.44
0805010001,08FRUV     ,746.37,19.57,97,2.62
0308050012,03CARN     ,32.16,19.45,2,60.48
0805010105,08FRUV     ,45.23,19.14,8,42.32
0509090007,05CHAR     ,37.28,18.47,4,49.54
0803010061,08FRUV     ,22.91,15.95,1,69.62
0306010015,03CARN     ,39.07,15.11,10,38.67
0509070008,05CHAR     ,35.52,15.09,3,42.48
0310010004,03CARN     ,32.62,14.9,2,45.68
0509150028,05CHAR     ,33.52,14.89,5,44.42
0502080108,05CHAR     ,35.63,14.73,5,41.34
0502080106,05CHAR     ,36.98,14.15,3,38.26
0805020009,08FRUV     ,23.81,13.95,3,58.59
0802020006,08FRUV     ,37.02,13.5,15,36.47
0502050006,05CHAR     ,6812.26,13.11,446,0.19
0503030061,05CHAR     ,19.01,13.0,1,68.39
0310010005,03CARN     ,13.96,12.15,3,87.03
0308020002,03CARN     ,23.66,12.08,5,51.06
0509120008,05CHAR     ,22.19,11.26,2,50.74
0802010034,08FRUV     ,13.23,11.17,1,84.43
0803010030,08FRUV     ,10.99,10.99,7,100.0
0502040041,05CHAR     ,21.71,10.34,3,47.63
0805010108,08FRUV     ,27.84,10.03,7,36.03
0805020029,08FRUV     ,10.56,8.89,1,84.19
0805020024,08FRUV     ,16.99,8.84,2,52.03
0310020012,03CARN     ,8.77,7.64,1,87.12
0805010255,08FRUV     ,8.18,7.46,1,91.2
0803010058,08FRUV     ,8.06,7.25,3,89.95
0308050001,03CARN     ,12.32,7.24,1,58.77
0805020036,08FRUV     ,10.23,7.17,1,70.09
0802040034,08FRUV     ,9.29,6.98,1,75.13
0502030010,03CARN     ,15.71,6.81,3,43.35
0802010038,08FRUV     ,7.31,6.35,1,86.87
0507010009,05CHAR     ,18.88,6.11,2,32.36
0302010001,03CARN     ,8.79,5.85,1,66.55
0502040017,05CHAR     ,15.0,5.71,3,38.07
0505030033,05CHAR     ,13.85,5.44,1,39.28
0806010014,08FRUV     ,10.68,4.93,4,46.16
0509130031,05CHAR     ,10.02,4.83,2,48.2
0309020001,03CARN     ,12.85,4.55,1,35.41
0309030009,03CARN     ,2762.98,4.51,158,0.16
0505030039,05CHAR     ,11.32,4.39,1,38.78
0803010057,08FRUV     ,10.9,4.36,5,40.0
0302010022,03CARN     ,6.05,4.29,1,70.91
0302010040,03CARN     ,6.13,4.1,1,66.88
0805020005,08FRUV     ,8.59,3.67,2,42.72
0805010241,08FRUV     ,9.45,3.6,1,38.1
0306010011,03CARN     ,8.24,3.42,2,41.5
0310020013,03CARN     ,6.28,3.04,1,48.41
0805010103,08FRUV     ,4.6,2.79,1,60.65
0502040021,05CHAR     ,5.38,2.49,1,46.28
0509130024,05CHAR     ,11.91,2.18,1,18.3
0802030002,08FRUV     ,2.33,2.03,2,87.12
0504050007,05CHAR     ,9.96,1.99,1,19.98
0805010004,08FRUV     ,797.78,1.86,163,0.23
0805010244,08FRUV     ,3.83,1.82,1,47.52
0803010006,08FRUV     ,1.71,1.71,23,100.0
0802010041,08FRUV     ,3.49,1.42,1,40.69
0802010016,08FRUV     ,166.48,0.42,14,0.25
0802010021,08FRUV     ,359.05,0.36,36,0.1
0502050007,05CHAR     ,85.55,0.1,18,0.12
0802010004,08FRUV     ,44.28,0.04,4,0.09
0802010011,08FRUV     ,10.95,0.03,3,0.27
